Origin,Destination,Count
101,101,9
101,102,1
101,105,1
101,301,1
101,302,1
101,303,1
101,307,1
102,102,10
102,104,2
102,105,1
102,107,1
103,101,1
103,103,9
103,104,1
103,106,1
103,107,1
103,111,1
103,204,1
103,211,1
103,301,1
104,102,1
104,104,9
104,106,1
105,104,2
105,105,18
105,106,1
105,308,1
106,103,1
106,105,4
106,106,10
106,108,1
106,302,1
106,314,1
107,101,81
107,102,130
107,103,122
107,104,611
107,105,1001
107,106,334
107,107,5118
107,108,2644
107,109,2636
107,110,4842
107,111,3779
107,112,733
107,164,1196
107,201,169
107,202,18
107,203,34
107,204,141
107,205,40
107,206,35
107,207,31
107,208,60
107,209,37
107,210,13
107,211,21
107,212,6
107,226,1
107,227,1
107,301,30
107,302,24
107,303,5
107,304,4
107,305,2
107,306,11
107,307,4
107,308,6
107,309,1
107,310,2
107,312,2
107,314,1
107,317,3
107,401,65
107,402,25
107,403,24
107,404,12
107,405,4
107,406,7
107,407,9
107,408,3
107,409,4
107,410,3
107,412,2
107,480,238
107,483,193
107,502,1
108,101,491
108,102,355
108,103,382
108,104,837
108,105,2522
108,106,1467
108,107,4697
108,108,8842
108,109,724
108,110,682
108,111,2988
108,112,301
108,164,865
108,201,155
108,202,29
108,203,36
108,204,132
108,205,29
108,206,25
108,207,31
108,208,35
108,209,43
108,210,27
108,211,25
108,212,9
108,226,2
108,227,2
108,228,2
108,301,304
108,302,100
108,303,34
108,304,19
108,305,6
108,306,68
108,307,9
108,308,24
108,309,8
108,310,13
108,311,1
108,312,24
108,313,6
108,314,13
108,315,17
108,316,2
108,317,8
108,318,1
108,355,1
108,401,736
108,402,457
108,403,52
108,404,78
108,405,35
108,406,46
108,407,44
108,408,13
108,409,13
108,410,6
108,411,5
108,412,8
108,413,4
108,414,1
108,480,639
108,481,3
108,483,351
108,501,4
109,101,2713
109,102,5044
109,103,2515
109,104,20066
109,105,21125
109,106,6318
109,107,97418
109,108,29263
109,109,115079
109,110,82499
109,111,44891
109,112,51023
109,164,7240
109,201,8066
109,202,1165
109,203,2160
109,204,9634
109,205,2807
109,206,1061
109,207,2157
109,208,3164
109,209,1441
109,210,449
109,211,634
109,212,546
109,226,135
109,227,71
109,228,10
109,301,577
109,302,698
109,303,231
109,304,114
109,305,49
109,306,337
109,307,105
109,308,131
109,309,70
109,310,76
109,311,27
109,312,36
109,313,10
109,314,116
109,315,24
109,316,48
109,317,37
109,318,28
109,355,21
109,401,1759
109,402,588
109,403,477
109,404,208
109,405,104
109,406,184
109,407,252
109,408,95
109,409,70
109,410,59
109,411,22
109,412,118
109,413,54
109,414,8
109,480,5846
109,481,55
109,482,3
109,483,4423
109,501,11
109,502,6
109,503,2
109,595,1
110,101,2737
110,102,3878
110,103,4223
110,104,16521
110,105,21202
110,106,8679
110,107,67953
110,108,33949
110,109,111440
110,110,233540
110,111,125025
110,112,30617
110,164,9801
110,201,22012
110,202,2837
110,203,6146
110,204,20592
110,205,5247
110,206,2259
110,207,2965
110,208,1910
110,209,3863
110,210,1023
110,211,1351
110,212,1683
110,226,130
110,227,104
110,228,32
110,301,876
110,302,977
110,303,732
110,304,205
110,305,186
110,306,364
110,307,136
110,308,336
110,309,178
110,310,60
110,311,34
110,312,71
110,313,28
110,314,142
110,315,16
110,316,111
110,317,138
110,318,77
110,355,23
110,401,2710
110,402,1106
110,403,669
110,404,270
110,405,187
110,406,236
110,407,164
110,408,166
110,409,101
110,410,78
110,411,18
110,412,273
110,413,91
110,414,13
110,480,5895
110,481,51
110,482,6
110,483,3255
110,501,11
110,502,6
110,503,1
111,101,3995
111,102,4383
111,103,6584
111,104,14499
111,105,30028
111,106,17926
111,107,87294
111,108,144599
111,109,60858
111,110,127785
111,111,221859
111,112,21461
111,164,13816
111,201,23641
111,202,3768
111,203,5278
111,204,14381
111,205,4664
111,206,2446
111,207,3120
111,208,2006
111,209,5691
111,210,1640
111,211,1682
111,212,1386
111,226,136
111,227,134
111,228,43
111,301,1555
111,302,1542
111,303,653
111,304,224
111,305,276
111,306,558
111,307,286
111,308,308
111,309,225
111,310,156
111,311,65
111,312,271
111,313,72
111,314,239
111,315,67
111,316,118
111,317,135
111,318,122
111,355,30
111,401,5902
111,402,1961
111,403,1526
111,404,1113
111,405,433
111,406,667
111,407,419
111,408,314
111,409,250
111,410,124
111,411,56
111,412,438
111,413,86
111,414,31
111,480,8386
111,481,79
111,482,7
111,483,3526
111,501,19
111,502,14
111,503,7
111,595,1
112,101,1725
112,102,2444
112,103,1385
112,104,11484
112,105,10216
112,106,4120
112,107,27427
112,108,11981
112,109,35973
112,110,17051
112,111,10675
112,112,95030
112,164,1349
112,201,3818
112,202,933
112,203,2134
112,204,10741
112,205,7363
112,206,2678
112,207,7106
112,208,10943
112,209,1806
112,210,693
112,211,1411
112,212,825
112,226,354
112,227,176
112,228,16
112,301,483
112,302,398
112,303,145
112,304,67
112,305,54
112,306,197
112,307,60
112,308,91
112,309,50
112,310,44
112,311,17
112,312,100
112,313,14
112,314,87
112,315,31
112,316,33
112,317,31
112,318,34
112,355,6
112,401,1244
112,402,440
112,403,433
112,404,230
112,405,97
112,406,185
112,407,199
112,408,140
112,409,104
112,410,63
112,411,34
112,412,82
112,413,41
112,414,12
112,480,3798
112,481,26
112,482,1
112,483,1969
112,501,9
112,502,5
112,503,4
164,101,502
164,102,748
164,103,420
164,104,2773
164,105,6661
164,106,2400
164,107,15285
164,108,22031
164,109,1646
164,110,1640
164,111,5529
164,112,452
164,164,4211
164,201,149
164,202,30
164,203,31
164,204,131
164,205,28
164,206,23
164,207,23
164,208,65
164,209,47
164,210,16
164,211,10
164,212,14
164,226,2
164,227,2
164,228,1
164,301,253
164,302,220
164,303,86
164,304,11
164,305,8
164,306,92
164,307,21
164,308,27
164,309,20
164,310,28
164,311,9
164,312,61
164,313,5
164,314,21
164,315,12
164,316,10
164,317,12
164,318,7
164,355,5
164,401,302
164,402,184
164,403,77
164,404,72
164,405,19
164,406,58
164,407,14
164,408,17
164,409,10
164,410,3
164,411,4
164,412,14
164,413,7
164,414,3
164,480,335
164,481,3
164,483,214
164,501,2
164,503,4
201,101,174
201,102,163
201,103,301
201,104,427
201,105,796
201,106,506
201,107,1073
201,108,1354
201,109,3430
201,110,8407
201,111,6946
201,112,2482
201,164,136
201,201,18474
201,202,3206
201,203,6600
201,204,11645
201,205,2942
201,206,2194
201,207,1590
201,208,559
201,209,2707
201,210,801
201,211,1030
201,212,714
201,226,41
201,227,95
201,228,13
201,301,73
201,302,107
201,303,90
201,304,26
201,305,40
201,306,28
201,307,13
201,308,15
201,309,22
201,310,9
201,311,4
201,312,4
201,314,11
201,315,4
201,316,29
201,317,16
201,318,8
201,355,1
201,401,435
201,402,189
201,403,176
201,404,110
201,405,42
201,406,27
201,407,73
201,408,34
201,409,40
201,410,10
201,411,1
201,412,34
201,413,15
201,414,7
201,480,254
201,481,12
201,482,1
201,483,153
201,501,6
201,502,2
202,101,21
202,102,19
202,103,38
202,104,77
202,105,86
202,106,48
202,107,84
202,108,78
202,109,304
202,110,547
202,111,544
202,112,390
202,164,5
202,201,2090
202,202,2980
202,203,1569
202,204,1468
202,205,556
202,206,886
202,207,499
202,208,103
202,209,2332
202,210,438
202,211,441
202,212,291
202,226,5
202,227,35
202,228,8
202,301,17
202,302,20
202,303,11
202,304,2
202,305,13
202,306,6
202,307,1
202,308,3
202,309,1
202,312,1
202,313,1
202,314,8
202,315,1
202,316,7
202,318,2
202,401,74
202,402,22
202,403,17
202,404,8
202,405,8
202,406,10
202,407,13
202,408,8
202,409,5
202,410,3
202,411,1
202,412,14
202,413,3
202,414,3
202,480,54
202,481,2
202,483,41
202,501,1
202,503,1
203,101,26
203,102,33
203,103,52
203,104,157
203,105,185
203,106,80
203,107,180
203,108,248
203,109,477
203,110,1356
203,111,1017
203,112,880
203,164,23
203,201,4798
203,202,1193
203,203,5040
203,204,4729
203,205,1399
203,206,2015
203,207,898
203,208,222
203,209,1173
203,210,425
203,211,555
203,212,371
203,226,15
203,227,45
203,228,16
203,301,10
203,302,22
203,303,19
203,304,6
203,305,15
203,306,3
203,307,2
203,308,7
203,309,1
203,310,1
203,312,2
203,313,2
203,314,5
203,315,2
203,316,4
203,317,2
203,318,6
203,401,94
203,402,23
203,403,16
203,404,15
203,405,9
203,406,4
203,407,9
203,408,3
203,409,4
203,410,3
203,412,12
203,413,2
203,480,55
203,481,1
203,482,1
203,483,51
203,501,3
204,101,283
204,102,306
204,103,357
204,104,1018
204,105,1434
204,106,832
204,107,1533
204,108,1564
204,109,5250
204,110,10016
204,111,4400
204,112,6951
204,164,227
204,201,10462
204,202,2145
204,203,6728
204,204,29510
204,205,7984
204,206,2993
204,207,3756
204,208,1589
204,209,2417
204,210,985
204,211,1233
204,212,983
204,226,109
204,227,109
204,228,30
204,301,134
204,302,142
204,303,70
204,304,24
204,305,17
204,306,67
204,307,15
204,308,47
204,309,25
204,310,19
204,311,6
204,312,7
204,313,2
204,314,18
204,315,5
204,316,15
204,317,16
204,318,11
204,355,3
204,401,665
204,402,193
204,403,198
204,404,83
204,405,33
204,406,62
204,407,63
204,408,24
204,409,53
204,410,19
204,411,10
204,412,49
204,413,16
204,414,8
204,480,341
204,481,26
204,483,243
204,501,3
204,502,4
204,503,3
205,101,31
205,102,43
205,103,74
205,104,227
205,105,191
205,106,74
205,107,250
205,108,198
205,109,602
205,110,945
205,111,710
205,112,2775
205,164,19
205,201,1443
205,202,456
205,203,1466
205,204,5061
205,205,8931
205,206,3584
205,207,3084
205,208,858
205,209,1005
205,210,499
205,211,968
205,212,540
205,226,47
205,227,92
205,228,14
205,301,16
205,302,38
205,303,23
205,304,11
205,305,7
205,306,4
205,307,2
205,308,7
205,309,8
205,310,4
205,312,2
205,314,13
205,315,3
205,316,7
205,317,2
205,318,2
205,401,81
205,402,32
205,403,27
205,404,17
205,405,8
205,406,2
205,407,16
205,408,7
205,409,9
205,410,8
205,411,1
205,412,22
205,413,4
205,414,2
205,480,59
205,481,2
205,483,45
205,502,4
206,101,50
206,102,52
206,103,74
206,104,185
206,105,313
206,106,140
206,107,247
206,108,271
206,109,275
206,110,517
206,111,485
206,112,1212
206,164,30
206,201,1357
206,202,670
206,203,1998
206,204,1903
206,205,2735
206,206,6218
206,207,2854
206,208,657
206,209,2300
206,210,1102
206,211,3490
206,212,992
206,226,24
206,227,171
206,228,27
206,301,26
206,302,35
206,303,18
206,304,6
206,305,22
206,306,11
206,307,4
206,308,7
206,309,2
206,310,1
206,311,1
206,312,3
206,313,3
206,314,6
206,315,2
206,316,8
206,317,8
206,318,10
206,355,1
206,401,86
206,402,44
206,403,24
206,404,21
206,405,9
206,406,10
206,407,28
206,408,6
206,409,5
206,410,4
206,411,1
206,412,17
206,413,5
206,414,1
206,480,92
206,481,2
206,483,61
207,101,58
207,102,44
207,103,83
207,104,266
207,105,309
207,106,252
207,107,451
207,108,670
207,109,571
207,110,768
207,111,688
207,112,4246
207,164,41
207,201,1049
207,202,441
207,203,1048
207,204,3134
207,205,4799
207,206,3071
207,207,13331
207,208,4983
207,209,1596
207,210,1164
207,211,2835
207,212,3027
207,226,212
207,227,273
207,228,12
207,301,25
207,302,35
207,303,19
207,304,11
207,305,10
207,306,10
207,307,9
207,308,6
207,309,10
207,311,1
207,312,6
207,313,1
207,314,4
207,315,2
207,316,5
207,317,4
207,318,4
207,355,1
207,401,61
207,402,34
207,403,49
207,404,24
207,405,12
207,406,18
207,407,29
207,408,14
207,409,24
207,410,4
207,411,6
207,412,18
207,413,5
207,414,2
207,480,246
207,481,13
207,483,104
207,501,1
208,101,57
208,102,38
208,103,29
208,104,219
208,105,214
208,106,79
208,107,405
208,108,177
208,109,497
208,110,381
208,111,223
208,112,5985
208,164,14
208,201,258
208,202,90
208,203,213
208,204,717
208,205,967
208,206,430
208,207,2703
208,208,6740
208,209,223
208,210,134
208,211,327
208,212,417
208,226,170
208,227,27
208,228,2
208,301,6
208,302,9
208,303,9
208,304,1
208,305,5
208,306,2
208,307,6
208,308,3
208,309,2
208,310,1
208,314,2
208,315,1
208,316,2
208,317,3
208,318,1
208,401,49
208,402,24
208,403,20
208,404,5
208,405,3
208,406,4
208,407,7
208,408,3
208,409,4
208,410,1
208,412,12
208,413,6
208,414,3
208,480,65
208,481,1
208,482,1
208,483,49
209,101,63
209,102,39
209,103,93
209,104,274
209,105,295
209,106,182
209,107,185
209,108,306
209,109,442
209,110,845
209,111,1086
209,112,876
209,164,25
209,201,2057
209,202,2018
209,203,1583
209,204,1781
209,205,1262
209,206,2357
209,207,1826
209,208,396
209,209,19205
209,210,4411
209,211,4168
209,212,1214
209,226,23
209,227,121
209,228,91
209,301,26
209,302,30
209,303,69
209,304,20
209,305,14
209,306,9
209,307,3
209,308,12
209,309,4
209,310,6
209,311,2
209,312,3
209,314,14
209,315,2
209,316,12
209,317,18
209,318,12
209,355,1
209,401,118
209,402,65
209,403,76
209,404,38
209,405,7
209,406,16
209,407,69
209,408,25
209,409,6
209,410,14
209,411,4
209,412,37
209,413,16
209,414,5
209,480,193
209,481,5
209,483,126
209,501,13
209,502,2
210,101,12
210,102,13
210,103,28
210,104,62
210,105,69
210,106,56
210,107,87
210,108,94
210,109,90
210,110,183
210,111,269
210,112,289
210,164,10
210,201,566
210,202,413
210,203,450
210,204,446
210,205,395
210,206,824
210,207,789
210,208,158
210,209,2552
210,210,7587
210,211,3175
210,212,942
210,226,9
210,227,46
210,228,225
210,301,2
210,302,10
210,303,18
210,304,6
210,305,14
210,307,2
210,308,4
210,309,3
210,312,1
210,313,1
210,314,2
210,315,4
210,316,4
210,317,3
210,318,3
210,401,34
210,402,30
210,403,24
210,404,31
210,405,6
210,406,34
210,407,32
210,408,9
210,409,10
210,410,2
210,411,2
210,412,13
210,413,1
210,414,2
210,480,47
210,481,5
210,483,55
210,502,4
211,101,27
211,102,19
211,103,23
211,104,72
211,105,108
211,106,95
211,107,94
211,108,158
211,109,131
211,110,204
211,111,290
211,112,467
211,164,9
211,201,534
211,202,367
211,203,556
211,204,611
211,205,741
211,206,1980
211,207,1510
211,208,371
211,209,2433
211,210,1611
211,211,5403
211,212,1118
211,226,24
211,227,179
211,228,39
211,301,11
211,302,15
211,303,9
211,304,5
211,305,9
211,306,6
211,307,2
211,308,3
211,309,1
211,310,2
211,311,2
211,312,3
211,314,3
211,315,1
211,316,1
211,317,1
211,318,1
211,401,58
211,402,21
211,403,23
211,404,7
211,405,6
211,406,34
211,407,20
211,408,10
211,409,7
211,410,4
211,411,3
211,412,9
211,413,5
211,414,2
211,480,98
211,483,66
211,501,2
212,101,8
212,102,5
212,103,10
212,104,32
212,105,36
212,106,10
212,107,31
212,108,33
212,109,43
212,110,139
212,111,86
212,112,133
212,164,3
212,201,170
212,202,90
212,203,163
212,204,226
212,205,276
212,206,308
212,207,945
212,208,182
212,209,322
212,210,308
212,211,514
212,212,2220
212,226,49
212,227,38
212,228,13
212,301,3
212,302,6
212,303,5
212,304,2
212,305,6
212,306,2
212,307,2
212,308,1
212,309,2
212,311,1
212,317,5
212,318,2
212,401,17
212,402,4
212,403,9
212,404,5
212,405,2
212,406,2
212,407,6
212,408,5
212,409,4
212,410,1
212,411,1
212,412,5
212,413,7
212,414,4
212,480,21
212,481,1
212,483,14
226,101,1
226,103,1
226,104,5
226,105,3
226,106,2
226,107,10
226,108,7
226,109,5
226,110,5
226,111,3
226,112,33
226,164,1
226,201,7
226,202,2
226,203,4
226,204,20
226,205,18
226,206,6
226,207,72
226,208,104
226,209,8
226,210,5
226,211,18
226,212,39
226,226,184
226,305,1
226,401,1
226,406,1
226,407,2
226,408,1
227,101,5
227,102,17
227,103,9
227,104,29
227,105,45
227,106,21
227,107,60
227,108,49
227,109,22
227,110,32
227,111,32
227,112,58
227,164,3
227,201,35
227,202,19
227,203,28
227,204,44
227,205,38
227,206,148
227,207,190
227,208,53
227,209,111
227,210,62
227,211,157
227,212,63
227,226,1
227,227,108
227,228,2
227,301,3
227,302,5
227,303,3
227,304,5
227,305,2
227,306,1
227,308,2
227,309,1
227,310,1
227,311,1
227,401,10
227,402,9
227,403,4
227,404,1
227,405,1
227,406,1
227,407,3
227,408,3
227,410,1
227,412,2
227,414,1
227,480,8
227,481,3
227,483,11
228,101,2
228,104,4
228,105,1
228,106,5
228,107,2
228,108,3
228,110,7
228,111,19
228,112,5
228,201,12
228,202,6
228,203,5
228,204,11
228,205,10
228,206,21
228,207,17
228,208,8
228,209,36
228,210,197
228,211,79
228,212,34
228,227,1
228,228,79
228,302,1
228,303,1
228,305,1
228,401,2
228,406,1
228,407,1
228,408,1
228,410,1
228,480,1
301,101,13933
301,102,28705
301,103,49479
301,104,14925
301,105,24920
301,106,17982
301,107,6399
301,108,14201
301,109,1698
301,110,1988
301,111,2594
301,112,1392
301,164,883
301,201,272
301,202,88
301,203,73
301,204,301
301,205,96
301,206,62
301,207,124
301,208,149
301,209,204
301,210,90
301,211,99
301,212,62
301,226,8
301,227,13
301,228,4
301,301,365084
301,302,56540
301,303,64955
301,304,56139
301,305,1630
301,306,27232
301,307,7357
301,308,24264
301,309,7461
301,310,2139
301,311,798
301,312,2401
301,313,312
301,314,4887
301,315,600
301,316,2649
301,317,2197
301,318,781
301,355,1284
301,356,7
301,401,19519
301,402,28671
301,403,3850
301,404,3136
301,405,18969
301,406,2139
301,407,775
301,408,620
301,409,951
301,410,379
301,411,277
301,412,457
301,413,146
301,414,73
301,480,5559
301,481,152
301,482,48
301,483,6121
301,484,1
301,501,105
301,502,51
301,503,25
302,101,48375
302,102,42689
302,103,30693
302,104,19299
302,105,42563
302,106,24846
302,107,5591
302,108,13678
302,109,1061
302,110,1326
302,111,1944
302,112,840
302,164,1002
302,201,247
302,202,61
302,203,81
302,204,268
302,205,107
302,206,72
302,207,117
302,208,129
302,209,131
302,210,71
302,211,75
302,212,72
302,226,5
302,227,8
302,228,2
302,301,71536
302,302,302965
302,303,98911
302,304,16527
302,305,6741
302,306,167435
302,307,25286
302,308,61917
302,309,22704
302,310,7960
302,311,2268
302,312,7555
302,313,1276
302,314,15632
302,315,1838
302,316,10334
302,317,11854
302,318,4972
302,355,5386
302,356,41
302,401,4349
302,402,5188
302,403,1796
302,404,1214
302,405,3222
302,406,1064
302,407,613
302,408,433
302,409,806
302,410,551
302,411,120
302,412,757
302,413,339
302,414,217
302,480,10010
302,481,154
302,482,22
302,483,9676
302,484,3
302,501,216
302,502,133
302,503,61
302,595,1
303,101,3257
303,102,4889
303,103,5529
303,104,2754
303,105,4557
303,106,2176
303,107,635
303,108,1215
303,109,232
303,110,467
303,111,455
303,112,203
303,164,76
303,201,146
303,202,21
303,203,49
303,204,84
303,205,35
303,206,20
303,207,46
303,208,32
303,209,77
303,210,23
303,211,29
303,212,29
303,226,2
303,227,1
303,301,32019
303,302,50044
303,303,101302
303,304,14115
303,305,7080
303,306,11850
303,307,2623
303,308,34724
303,309,11821
303,310,461
303,311,222
303,312,1026
303,313,364
303,314,4599
303,315,533
303,316,11398
303,317,8553
303,318,3051
303,355,1030
303,356,19
303,401,1588
303,402,1298
303,403,425
303,404,358
303,405,2358
303,406,290
303,407,202
303,408,202
303,409,501
303,410,406
303,411,49
303,412,587
303,413,171
303,414,188
303,480,2170
303,481,43
303,482,12
303,483,3413
303,484,3
303,501,189
303,502,21
303,503,7
303,595,3
304,101,598
304,102,1059
304,103,2186
304,104,713
304,105,875
304,106,650
304,107,249
304,108,473
304,109,104
304,110,126
304,111,193
304,112,113
304,164,30
304,201,20
304,202,9
304,203,14
304,204,18
304,205,5
304,206,5
304,207,15
304,208,14
304,209,18
304,210,5
304,211,5
304,212,6
304,226,1
304,227,2
304,301,15273
304,302,3824
304,303,10023
304,304,13520
304,305,1006
304,306,1635
304,307,567
304,308,2689
304,309,940
304,310,126
304,311,51
304,312,161
304,313,34
304,314,510
304,315,59
304,316,1238
304,317,552
304,318,239
304,355,100
304,356,1
304,401,1000
304,402,925
304,403,237
304,404,282
304,405,4321
304,406,168
304,407,81
304,408,73
304,409,216
304,410,87
304,411,34
304,412,113
304,413,32
304,414,22
304,480,375
304,481,14
304,482,15
304,483,461
304,501,24
304,502,5
305,101,47
305,102,68
305,103,111
305,104,58
305,105,175
305,106,40
305,107,23
305,108,43
305,109,16
305,110,63
305,111,95
305,112,13
305,164,4
305,201,11
305,202,5
305,203,15
305,204,8
305,205,5
305,206,17
305,207,3
305,208,3
305,209,8
305,210,17
305,211,4
305,212,3
305,226,1
305,227,1
305,301,298
305,302,623
305,303,1651
305,304,677
305,305,10872
305,306,183
305,307,54
305,308,861
305,309,583
305,310,18
305,311,69
305,312,40
305,313,75
305,314,285
305,315,94
305,316,1981
305,317,1038
305,318,1038
305,355,17
305,356,8
305,401,53
305,402,60
305,403,35
305,404,80
305,405,194
305,406,74
305,407,73
305,408,42
305,409,381
305,410,614
305,411,9
305,412,316
305,413,120
305,414,78
305,480,51
305,481,9
305,482,8
305,483,559
305,484,1
305,501,8
305,502,3
305,503,1
306,101,14525
306,102,14019
306,103,10148
306,104,8126
306,105,13511
306,106,9054
306,107,2465
306,108,5358
306,109,491
306,110,456
306,111,724
306,112,377
306,164,376
306,201,47
306,202,21
306,203,20
306,204,56
306,205,11
306,206,25
306,207,31
306,208,53
306,209,35
306,210,14
306,211,30
306,212,25
306,226,1
306,227,3
306,301,21723
306,302,103885
306,303,19973
306,304,5038
306,305,1327
306,306,160767
306,307,46139
306,308,34675
306,309,15944
306,310,7243
306,311,1648
306,312,8613
306,313,653
306,314,13184
306,315,1277
306,316,2187
306,317,5025
306,318,1809
306,355,5376
306,356,24
306,401,2277
306,402,2089
306,403,593
306,404,441
306,405,1283
306,406,349
306,407,167
306,408,126
306,409,277
306,410,276
306,411,49
306,412,116
306,413,44
306,414,64
306,480,4102
306,481,75
306,482,13
306,483,4549
306,484,5
306,501,98
306,502,43
306,503,18
306,595,4
307,101,1009
307,102,848
307,103,763
307,104,717
307,105,916
307,106,555
307,107,193
307,108,383
307,109,57
307,110,45
307,111,87
307,112,46
307,164,21
307,201,14
307,202,3
307,203,4
307,204,13
307,205,3
307,206,3
307,207,5
307,208,6
307,209,5
307,211,7
307,212,1
307,226,1
307,227,1
307,301,1749
307,302,5163
307,303,1464
307,304,526
307,305,101
307,306,14159
307,307,10444
307,308,2279
307,309,1284
307,310,2933
307,311,507
307,312,2406
307,313,189
307,314,2329
307,315,302
307,316,126
307,317,421
307,318,160
307,355,420
307,356,4
307,401,281
307,402,198
307,403,75
307,404,63
307,405,134
307,406,56
307,407,22
307,408,9
307,409,31
307,410,14
307,411,13
307,412,15
307,414,13
307,480,323
307,481,8
307,482,2
307,483,411
307,501,67
307,502,15
307,503,9
308,101,1815
308,102,3079
308,103,3261
308,104,2029
308,105,2915
308,106,1741
308,107,531
308,108,1042
308,109,163
308,110,246
308,111,234
308,112,115
308,164,64
308,201,21
308,202,11
308,203,16
308,204,32
308,205,15
308,206,18
308,207,12
308,208,20
308,209,21
308,210,13
308,211,20
308,212,21
308,301,12242
308,302,25692
308,303,23056
308,304,3925
308,305,2839
308,306,17676
308,307,3987
308,308,28993
308,309,11381
308,310,592
308,311,170
308,312,1040
308,313,140
308,314,4683
308,315,372
308,316,4430
308,317,6038
308,318,2101
308,355,1127
308,356,9
308,401,935
308,402,847
308,403,184
308,404,184
308,405,715
308,406,205
308,407,108
308,408,91
308,409,253
308,410,193
308,411,34
308,412,251
308,413,108
308,414,41
308,480,1910
308,481,51
308,482,9
308,483,2725
308,484,2
308,501,34
308,502,8
308,503,2
309,101,585
309,102,737
309,103,873
309,104,547
309,105,786
309,106,607
309,107,188
309,108,299
309,109,45
309,110,60
309,111,76
309,112,37
309,164,16
309,201,21
309,202,7
309,203,3
309,204,15
309,205,5
309,206,5
309,207,9
309,208,5
309,209,13
309,210,5
309,211,5
309,212,8
309,227,2
309,301,2762
309,302,6751
309,303,6825
309,304,1052
309,305,1628
309,306,5256
309,307,1314
309,308,8419
309,309,13097
309,310,258
309,311,186
309,312,697
309,313,159
309,314,3858
309,315,358
309,316,2291
309,317,6474
309,318,2041
309,355,661
309,356,19
309,401,185
309,402,200
309,403,53
309,404,55
309,405,200
309,406,62
309,407,60
309,408,38
309,409,77
309,410,89
309,411,16
309,412,163
309,413,70
309,414,38
309,480,566
309,481,9
309,482,5
309,483,837
309,484,5
309,501,18
309,502,13
309,503,1
310,101,72
310,102,63
310,103,62
310,104,62
310,105,99
310,106,67
310,107,31
310,108,99
310,109,3
310,110,4
310,111,10
310,112,6
310,164,2
310,201,1
310,202,1
310,203,1
310,205,2
310,206,1
310,208,1
310,209,2
310,210,1
310,227,1
310,301,114
310,302,338
310,303,97
310,304,26
310,305,33
310,306,652
310,307,1008
310,308,83
310,309,106
310,310,3177
310,311,909
310,312,542
310,313,286
310,314,162
310,315,273
310,316,16
310,317,60
310,318,92
310,355,19
310,356,9
310,401,26
310,402,26
310,403,8
310,404,8
310,405,15
310,406,8
310,407,7
310,408,3
310,409,2
310,410,7
310,411,1
310,412,6
310,413,2
310,414,3
310,480,29
310,481,1
310,482,1
310,483,61
310,484,2
310,501,81
310,502,49
310,503,9
311,101,16
311,102,9
311,103,11
311,104,19
311,105,36
311,106,12
311,107,4
311,108,7
311,110,1
311,111,2
311,164,1
311,204,2
311,206,1
311,211,1
311,301,26
311,302,51
311,303,41
311,304,6
311,305,53
311,306,70
311,307,86
311,308,19
311,309,25
311,310,240
311,311,819
311,312,169
311,313,206
311,314,146
311,315,222
311,316,4
311,317,71
311,318,52
311,355,1
311,356,3
311,401,12
311,402,5
311,403,6
311,404,4
311,405,2
311,406,3
311,407,3
311,408,2
311,409,2
311,410,5
311,411,1
311,412,1
311,413,5
311,414,6
311,480,7
311,483,17
311,501,24
311,502,7
311,503,1
312,101,143
312,102,70
312,103,71
312,104,90
312,105,158
312,106,59
312,107,30
312,108,49
312,109,6
312,110,10
312,111,22
312,112,5
312,164,3
312,201,1
312,203,4
312,205,2
312,206,1
312,207,2
312,208,1
312,210,1
312,301,238
312,302,498
312,303,158
312,304,42
312,305,39
312,306,901
312,307,932
312,308,268
312,309,262
312,310,398
312,311,398
312,312,2155
312,313,259
312,314,1193
312,315,407
312,316,35
312,317,268
312,318,182
312,355,50
312,401,32
312,402,29
312,403,23
312,404,11
312,405,17
312,406,10
312,407,4
312,408,5
312,409,3
312,410,3
312,412,8
312,413,2
312,414,3
312,480,63
312,481,3
312,483,90
312,501,10
312,502,4
312,503,1
313,101,95
313,102,49
313,103,47
313,104,58
313,105,134
313,106,56
313,107,31
313,108,46
313,109,7
313,110,13
313,111,19
313,112,10
313,164,1
313,201,5
313,202,1
313,203,2
313,204,3
313,205,1
313,206,1
313,207,3
313,208,1
313,209,3
313,210,2
313,211,2
313,212,2
313,301,132
313,302,343
313,303,283
313,304,58
313,305,264
313,306,242
313,307,315
313,308,113
313,309,114
313,310,649
313,311,944
313,312,447
313,313,7366
313,314,552
313,315,1790
313,316,107
313,317,211
313,318,441
313,355,9
313,356,24
313,401,49
313,402,14
313,403,14
313,404,14
313,405,37
313,406,22
313,407,11
313,408,13
313,409,22
313,410,40
313,411,2
313,412,62
313,413,16
313,414,42
313,480,58
313,481,4
313,482,1
313,483,122
313,484,1
313,501,42
313,502,10
313,503,4
314,101,481
314,102,456
314,103,464
314,104,361
314,105,572
314,106,230
314,107,104
314,108,156
314,109,35
314,110,79
314,111,40
314,112,18
314,164,11
314,201,17
314,202,5
314,203,4
314,204,7
314,205,7
314,206,1
314,207,5
314,208,2
314,209,5
314,210,6
314,211,2
314,212,3
314,228,1
314,301,968
314,302,3028
314,303,2225
314,304,390
314,305,781
314,306,3408
314,307,1439
314,308,2573
314,309,4105
314,310,289
314,311,399
314,312,1614
314,313,283
314,314,7679
314,315,997
314,316,753
314,317,4973
314,318,4709
314,355,562
314,356,82
314,401,159
314,402,109
314,403,44
314,404,31
314,405,77
314,406,34
314,407,10
314,408,20
314,409,47
314,410,77
314,411,1
314,412,93
314,413,42
314,414,100
314,480,187
314,481,4
314,482,1
314,483,375
314,484,15
314,501,53
314,502,9
314,503,1
314,595,1
315,101,64
315,102,48
315,103,43
315,104,51
315,105,94
315,106,65
315,107,20
315,108,38
315,109,8
315,110,1
315,111,6
315,112,9
315,164,4
315,201,3
315,202,1
315,205,1
315,206,2
315,208,1
315,212,2
315,301,89
315,302,192
315,303,138
315,304,36
315,305,225
315,306,255
315,307,218
315,308,125
315,309,181
315,310,499
315,311,1382
315,312,690
315,313,4951
315,314,1578
315,315,21988
315,316,103
315,317,328
315,318,1892
315,355,13
315,356,125
315,401,26
315,402,15
315,403,11
315,404,19
315,405,28
315,406,22
315,407,10
315,408,13
315,409,18
315,410,41
315,411,1
315,412,27
315,413,15
315,414,218
315,480,25
315,482,1
315,483,97
315,484,6
315,501,25
315,502,10
315,503,20
316,101,108
316,102,98
316,103,156
316,104,97
316,105,182
316,106,66
316,107,26
316,108,42
316,109,11
316,110,29
316,111,23
316,112,18
316,164,4
316,201,22
316,202,3
316,203,15
316,204,8
316,205,2
316,206,8
316,207,9
316,208,2
316,209,6
316,210,10
316,211,6
316,212,4
316,228,1
316,301,638
316,302,1544
316,303,4493
316,304,1144
316,305,3033
316,306,384
316,307,97
316,308,2614
316,309,1077
316,310,30
316,311,18
316,312,51
316,313,72
316,314,480
316,315,80
316,316,6616
316,317,1657
316,318,1003
316,355,37
316,356,7
316,401,86
316,402,52
316,403,27
316,404,61
316,405,268
316,406,68
316,407,37
316,408,43
316,409,142
316,410,136
316,411,3
316,412,172
316,413,57
316,414,31
316,480,84
316,481,5
316,482,6
316,483,247
316,484,2
316,501,19
317,101,133
317,102,202
317,103,187
317,104,151
317,105,283
317,106,104
317,107,20
317,108,101
317,109,17
317,110,43
317,111,34
317,112,11
317,164,6
317,201,14
317,203,8
317,204,8
317,205,5
317,206,6
317,207,3
317,209,5
317,210,1
317,211,3
317,212,8
317,301,479
317,302,1399
317,303,2201
317,304,375
317,305,1335
317,306,590
317,307,233
317,308,2052
317,309,2714
317,310,83
317,311,117
317,312,233
317,313,120
317,314,2185
317,315,321
317,316,1362
317,317,7631
317,318,2338
317,355,66
317,356,4
317,401,45
317,402,47
317,403,19
317,404,19
317,405,44
317,406,29
317,407,28
317,408,36
317,409,51
317,410,68
317,411,3
317,412,122
317,413,48
317,414,34
317,480,96
317,481,4
317,482,2
317,483,250
317,484,1
317,501,18
317,502,3
317,503,1
318,101,35
318,102,55
318,103,51
318,104,64
318,105,126
318,106,33
318,107,4
318,108,18
318,110,8
318,111,12
318,112,4
318,164,1
318,201,1
318,202,1
318,204,3
318,205,3
318,206,7
318,207,1
318,209,1
318,210,3
318,211,2
318,212,2
318,301,126
318,302,382
318,303,596
318,304,115
318,305,823
318,306,137
318,307,59
318,308,529
318,309,626
318,310,53
318,311,80
318,312,95
318,313,182
318,314,1054
318,315,415
318,316,574
318,317,1556
318,318,4854
318,355,16
318,356,29
318,401,19
318,402,13
318,403,11
318,404,23
318,405,20
318,406,16
318,407,15
318,408,11
318,409,27
318,410,48
318,411,4
318,412,66
318,413,58
318,414,30
318,480,39
318,481,1
318,482,2
318,483,99
318,484,3
318,501,9
318,502,1
355,101,159
355,102,248
355,103,216
355,104,126
355,105,226
355,106,154
355,107,47
355,108,112
355,109,7
355,110,10
355,111,17
355,112,7
355,164,8
355,202,2
355,204,2
355,205,1
355,206,1
355,208,2
355,209,1
355,211,2
355,212,1
355,227,1
355,301,955
355,302,2034
355,303,765
355,304,221
355,305,62
355,306,3200
355,307,874
355,308,1122
355,309,917
355,310,132
355,311,37
355,312,385
355,313,30
355,314,909
355,315,57
355,316,96
355,317,319
355,318,90
355,355,575
355,356,1
355,401,40
355,402,55
355,403,15
355,404,5
355,405,33
355,406,12
355,407,5
355,408,5
355,409,10
355,410,2
355,411,1
355,412,6
355,413,1
355,414,4
355,480,76
355,481,2
355,483,109
355,484,2
355,501,3
355,502,1
355,503,1
356,101,1
356,103,1
356,105,1
356,106,2
356,201,1
356,302,7
356,303,2
356,304,1
356,305,9
356,306,3
356,307,1
356,308,2
356,309,3
356,310,1
356,311,2
356,312,1
356,313,1
356,314,12
356,315,8
356,317,2
356,318,11
356,356,16
356,404,1
356,409,1
356,410,6
356,412,3
356,413,5
356,414,4
356,480,1
356,481,2
356,483,9
401,101,2315
401,102,3171
401,103,4683
401,104,6189
401,105,15255
401,106,12103
401,107,4470
401,108,19689
401,109,1586
401,110,2045
401,111,4941
401,112,1953
401,164,890
401,201,830
401,202,327
401,203,198
401,204,818
401,205,223
401,206,220
401,207,282
401,208,270
401,209,421
401,210,279
401,211,334
401,212,161
401,226,8
401,227,14
401,228,4
401,301,11339
401,302,2650
401,303,1813
401,304,1927
401,305,535
401,306,1421
401,307,583
401,308,948
401,309,458
401,310,404
401,311,218
401,312,231
401,313,83
401,314,388
401,315,130
401,316,262
401,317,178
401,318,159
401,355,71
401,356,3
401,401,413144
401,402,73520
401,403,49669
401,404,19334
401,405,6972
401,406,5347
401,407,6439
401,408,2557
401,409,2247
401,410,835
401,411,979
401,412,1753
401,413,485
401,414,63
401,480,20591
401,481,871
401,482,42
401,483,4456
401,484,2
401,501,25
401,502,16
401,503,4
402,101,2751
402,102,4092
402,103,4352
402,104,4826
402,105,19099
402,106,12883
402,107,3394
402,108,15637
402,109,643
402,110,731
402,111,2035
402,112,741
402,164,851
402,201,343
402,202,82
402,203,66
402,204,285
402,205,167
402,206,66
402,207,163
402,208,98
402,209,163
402,210,105
402,211,119
402,212,64
402,226,7
402,227,9
402,228,1
402,301,24626
402,302,3552
402,303,1967
402,304,2206
402,305,384
402,306,1724
402,307,574
402,308,1057
402,309,399
402,310,207
402,311,96
402,312,181
402,313,55
402,314,370
402,315,106
402,316,180
402,317,208
402,318,87
402,355,95
402,356,2
402,401,70778
402,402,114146
402,403,33521
402,404,36673
402,405,24186
402,406,5871
402,407,3366
402,408,1682
402,409,2039
402,410,644
402,411,590
402,412,971
402,413,302
402,414,59
402,480,10193
402,481,479
402,482,47
402,483,4587
402,484,1
402,501,16
402,502,16
402,503,8
403,101,465
403,102,470
403,103,1047
403,104,980
403,105,2034
403,106,1787
403,107,799
403,108,2235
403,109,475
403,110,402
403,111,1376
403,112,491
403,164,155
403,201,412
403,202,114
403,203,75
403,204,425
403,205,134
403,206,65
403,207,150
403,208,101
403,209,227
403,210,68
403,211,93
403,212,27
403,226,4
403,227,1
403,301,2559
403,302,714
403,303,532
403,304,1010
403,305,470
403,306,296
403,307,240
403,308,194
403,309,158
403,310,79
403,311,165
403,312,118
403,313,20
403,314,167
403,315,38
403,316,76
403,317,57
403,318,36
403,355,22
403,356,2
403,401,36253
403,402,38058
403,403,108290
403,404,51555
403,405,7004
403,406,5595
403,407,8295
403,408,2053
403,409,2394
403,410,630
403,411,485
403,412,1410
403,413,275
403,414,50
403,480,8140
403,481,952
403,482,61
403,483,1098
403,484,1
403,501,11
403,502,5
403,503,1
404,101,524
404,102,507
404,103,1007
404,104,753
404,105,1883
404,106,1556
404,107,666
404,108,1863
404,109,268
404,110,387
404,111,1139
404,112,306
404,164,92
404,201,277
404,202,95
404,203,51
404,204,220
404,205,122
404,206,50
404,207,115
404,208,42
404,209,148
404,210,76
404,211,54
404,212,35
404,226,5
404,227,1
404,228,1
404,301,3191
404,302,853
404,303,770
404,304,2097
404,305,1633
404,306,271
404,307,240
404,308,252
404,309,139
404,310,85
404,311,80
404,312,99
404,313,55
404,314,179
404,315,64
404,316,270
404,317,126
404,318,164
404,355,13
404,401,21673
404,402,43298
404,403,96990
404,404,123602
404,405,29207
404,406,21380
404,407,10774
404,408,6312
404,409,9734
404,410,2804
404,411,879
404,412,3466
404,413,720
404,414,182
404,480,9467
404,481,1266
404,482,204
404,483,1419
404,484,3
404,501,3
404,502,9
404,595,1
405,101,52
405,102,85
405,103,163
405,104,77
405,105,158
405,106,108
405,107,34
405,108,103
405,109,18
405,110,21
405,111,99
405,112,16
405,164,4
405,201,4
405,202,2
405,204,4
405,205,1
405,206,4
405,207,5
405,208,4
405,209,5
405,210,5
405,212,3
405,301,1568
405,302,256
405,303,667
405,304,1369
405,305,272
405,306,111
405,307,50
405,308,185
405,309,56
405,310,18
405,311,13
405,312,26
405,313,29
405,314,40
405,315,8
405,316,195
405,317,38
405,318,31
405,355,8
405,401,560
405,402,1354
405,403,504
405,404,1485
405,405,4001
405,406,676
405,407,174
405,408,125
405,409,396
405,410,149
405,411,19
405,412,120
405,413,28
405,414,13
405,480,114
405,481,27
405,482,29
405,483,148
405,501,1
405,502,2
406,101,544
406,102,503
406,103,654
406,104,652
406,105,2531
406,106,1963
406,107,489
406,108,1596
406,109,163
406,110,161
406,111,416
406,112,193
406,164,96
406,201,101
406,202,55
406,203,43
406,204,72
406,205,58
406,206,38
406,207,51
406,208,51
406,209,104
406,210,122
406,211,64
406,212,19
406,226,2
406,227,3
406,301,1735
406,302,698
406,303,485
406,304,897
406,305,1452
406,306,262
406,307,119
406,308,288
406,309,119
406,310,67
406,311,63
406,312,121
406,313,78
406,314,127
406,315,85
406,316,304
406,317,140
406,318,179
406,355,15
406,356,5
406,401,4783
406,402,8374
406,403,10406
406,404,29878
406,405,14918
406,406,89271
406,407,6357
406,408,42012
406,409,19654
406,410,3950
406,411,1442
406,412,6963
406,413,2190
406,414,121
406,480,2470
406,481,819
406,482,1003
406,483,3407
406,484,2
406,501,6
406,502,8
406,503,2
407,101,196
407,102,167
407,103,184
407,104,256
407,105,653
407,106,480
407,107,157
407,108,404
407,109,104
407,110,69
407,111,204
407,112,69
407,164,23
407,201,28
407,202,16
407,203,8
407,204,26
407,205,30
407,206,24
407,207,15
407,208,13
407,209,70
407,210,102
407,211,47
407,212,23
407,227,2
407,228,6
407,301,384
407,302,242
407,303,167
407,304,145
407,305,289
407,306,84
407,307,49
407,308,114
407,309,45
407,310,32
407,311,25
407,312,30
407,313,9
407,314,32
407,315,16
407,316,65
407,317,64
407,318,42
407,355,5
407,401,2908
407,402,1504
407,403,8626
407,404,5684
407,405,812
407,406,2673
407,407,37619
407,408,5353
407,409,906
407,410,381
407,411,4379
407,412,1059
407,413,411
407,414,28
407,480,1877
407,481,518
407,482,20
407,483,780
407,484,1
407,501,2
407,502,1
408,101,69
408,102,81
408,103,86
408,104,64
408,105,176
408,106,134
408,107,43
408,108,110
408,109,15
408,110,23
408,111,96
408,112,25
408,164,6
408,201,11
408,202,3
408,203,4
408,204,12
408,205,3
408,206,9
408,207,9
408,208,2
408,209,24
408,210,10
408,211,4
408,212,9
408,227,1
408,301,90
408,302,44
408,303,65
408,304,77
408,305,160
408,306,21
408,307,10
408,308,27
408,309,24
408,310,8
408,311,10
408,312,11
408,313,12
408,314,20
408,315,14
408,316,33
408,317,43
408,318,31
408,401,371
408,402,299
408,403,470
408,404,629
408,405,195
408,406,2740
408,407,829
408,408,4551
408,409,1598
408,410,844
408,411,246
408,412,4062
408,413,606
408,414,27
408,480,299
408,481,66
408,482,13
408,483,529
408,502,1
409,101,71
409,102,71
409,103,73
409,104,98
409,105,290
409,106,203
409,107,60
409,108,256
409,109,19
409,110,32
409,111,60
409,112,27
409,164,8
409,201,114
409,202,17
409,203,11
409,204,12
409,205,22
409,206,16
409,207,24
409,208,10
409,209,15
409,210,26
409,211,15
409,212,8
409,227,2
409,301,225
409,302,160
409,303,201
409,304,254
409,305,749
409,306,58
409,307,25
409,308,93
409,309,56
409,310,15
409,311,8
409,312,31
409,313,24
409,314,33
409,315,29
409,316,126
409,317,69
409,318,85
409,355,2
409,356,1
409,401,946
409,402,757
409,403,1219
409,404,1735
409,405,1180
409,406,4821
409,407,1646
409,408,11697
409,409,21914
409,410,9182
409,411,611
409,412,4309
409,413,1154
409,414,84
409,480,662
409,481,108
409,482,463
409,483,2167
409,484,3
409,501,2
409,502,2
410,101,26
410,102,15
410,103,23
410,104,32
410,105,99
410,106,35
410,107,15
410,108,29
410,109,11
410,110,23
410,111,11
410,112,17
410,164,2
410,201,4
410,202,3
410,204,12
410,205,9
410,207,5
410,208,1
410,209,13
410,210,3
410,211,7
410,212,2
410,301,54
410,302,74
410,303,150
410,304,57
410,305,365
410,306,32
410,307,11
410,308,81
410,309,58
410,310,28
410,311,41
410,312,27
410,313,24
410,314,52
410,315,50
410,316,88
410,317,86
410,318,101
410,356,1
410,401,128
410,402,154
410,403,141
410,404,285
410,405,151
410,406,221
410,407,255
410,408,144
410,409,650
410,410,1791
410,411,33
410,412,753
410,413,143
410,414,74
410,480,18
410,481,5
410,482,2
410,483,464
410,484,4
410,501,6
410,502,1
411,101,2
411,104,5
411,105,16
411,106,11
411,107,5
411,108,9
411,109,5
411,110,1
411,111,1
411,112,1
411,205,1
411,209,1
411,210,3
411,211,1
411,227,1
411,301,10
411,302,2
411,303,11
411,304,3
411,305,40
411,306,2
411,307,1
411,308,10
411,309,2
411,310,3
411,314,1
411,316,1
411,317,1
411,318,4
411,401,38
411,402,20
411,403,30
411,404,33
411,405,21
411,406,47
411,407,283
411,408,90
411,409,16
411,410,18
411,411,540
411,412,28
411,413,46
411,480,13
411,481,5
411,483,11
412,101,84
412,102,90
412,103,140
412,104,139
412,105,356
412,106,167
412,107,100
412,108,141
412,109,39
412,110,69
412,111,92
412,112,37
412,164,8
412,201,22
412,202,14
412,203,7
412,204,36
412,205,12
412,206,21
412,207,19
412,208,13
412,209,84
412,210,33
412,211,23
412,212,27
412,226,1
412,227,2
412,228,2
412,301,386
412,302,239
412,303,390
412,304,318
412,305,993
412,306,100
412,307,35
412,308,244
412,309,112
412,310,29
412,311,19
412,312,26
412,313,44
412,314,101
412,315,48
412,316,198
412,317,169
412,318,175
412,355,9
412,356,2
412,401,920
412,402,464
412,403,639
412,404,752
412,405,779
412,406,1602
412,407,1689
412,408,9681
412,409,7576
412,410,8271
412,411,728
412,412,45361
412,413,8539
412,414,264
412,480,1266
412,481,131
412,482,48
412,483,3265
412,484,1
412,501,5
412,502,8
413,101,7
413,102,8
413,103,6
413,104,9
413,105,17
413,106,5
413,107,2
413,108,5
413,109,4
413,110,4
413,111,7
413,112,2
413,164,1
413,201,2
413,202,1
413,204,1
413,205,1
413,207,2
413,209,3
413,210,2
413,211,2
413,212,4
413,301,10
413,302,8
413,303,24
413,304,4
413,305,37
413,306,4
413,308,18
413,309,12
413,310,1
413,311,1
413,313,5
413,314,5
413,315,3
413,316,12
413,317,17
413,318,14
413,356,1
413,401,14
413,402,14
413,403,25
413,404,26
413,405,11
413,406,76
413,407,22
413,408,149
413,409,56
413,410,39
413,411,18
413,412,780
413,413,898
413,414,27
413,480,16
413,481,1
413,483,59
414,101,1
414,103,4
414,104,2
414,105,5
414,106,2
414,108,4
414,109,1
414,110,1
414,111,1
414,112,1
414,206,1
414,208,1
414,210,1
414,211,1
414,212,2
414,301,6
414,302,2
414,303,31
414,304,2
414,305,21
414,306,2
414,308,6
414,309,3
414,310,3
414,313,2
414,314,4
414,315,9
414,316,5
414,317,1
414,318,8
414,356,2
414,401,1
414,404,3
414,405,5
414,406,3
414,407,1
414,408,1
414,409,6
414,410,27
414,411,1
414,412,16
414,413,7
414,414,422
414,480,2
414,483,18
414,484,6
480,101,4
480,102,5
480,103,4
480,104,15
480,105,19
480,106,15
480,107,7
480,108,13
480,109,4
480,110,9
480,111,5
480,112,9
480,164,1
480,201,5
480,204,1
480,205,1
480,206,2
480,207,2
480,208,1
480,210,2
480,211,1
480,212,1
480,301,19
480,302,8
480,303,6
480,304,4
480,305,3
480,306,9
480,307,4
480,308,4
480,310,1
480,312,2
480,314,3
480,315,4
480,316,2
480,317,3
480,318,1
480,401,89
480,402,17
480,403,49
480,404,13
480,405,2
480,406,11
480,407,10
480,408,5
480,409,21
480,410,1
480,412,5
480,413,2
480,480,874
480,481,3
480,482,2
480,483,74
481,101,176
481,102,176
481,103,263
481,104,179
481,105,540
481,106,442
481,107,238
481,108,524
481,109,50
481,110,60
481,111,81
481,112,63
481,164,24
481,201,6
481,202,4
481,203,5
481,204,10
481,205,5
481,206,5
481,207,9
481,208,19
481,209,14
481,210,28
481,211,9
481,212,7
481,227,1
481,301,409
481,302,244
481,303,75
481,304,141
481,305,41
481,306,198
481,307,50
481,308,119
481,309,34
481,310,59
481,311,14
481,312,20
481,313,7
481,314,22
481,315,26
481,316,14
481,317,9
481,318,30
481,355,5
481,401,948
481,402,282
481,403,1110
481,404,453
481,405,316
481,406,475
481,407,757
481,408,229
481,409,159
481,410,53
481,411,147
481,412,168
481,413,44
481,414,19
481,480,173
481,481,342
481,482,5
481,483,93
481,501,1
481,502,3
481,503,3
482,103,1
482,104,6
482,105,29
482,106,19
482,107,3
482,108,1
482,109,1
482,301,6
482,302,2
482,303,3
482,304,4
482,305,5
482,308,3
482,309,2
482,311,1
482,312,1
482,313,1
482,316,1
482,317,2
482,318,2
482,401,12
482,402,15
482,403,7
482,404,59
482,405,36
482,406,84
482,407,9
482,408,13
482,409,55
482,410,8
482,411,4
482,412,4
482,413,1
482,480,13
482,482,15
482,483,9
483,101,7
483,102,3
483,103,3
483,104,7
483,105,12
483,106,11
483,107,5
483,108,10
483,109,2
483,110,10
483,111,4
483,112,6
483,164,1
483,202,1
483,203,1
483,205,2
483,207,4
483,208,1
483,209,2
483,210,2
483,301,13
483,302,12
483,303,10
483,304,2
483,305,10
483,306,5
483,307,2
483,308,5
483,309,4
483,310,1
483,312,4
483,313,3
483,314,4
483,315,5
483,316,2
483,317,7
483,318,3
483,355,2
483,401,13
483,402,6
483,403,21
483,404,4
483,405,1
483,406,13
483,407,9
483,408,4
483,409,19
483,410,23
483,412,35
483,413,23
483,414,5
483,480,81
483,483,1091
484,301,1
484,302,2
484,303,1
484,304,1
484,305,1
484,306,2
484,307,1
484,313,1
484,410,2
484,414,7
484,483,1
484,484,7
501,101,10
501,102,5
501,103,1
501,104,4
501,105,10
501,106,19
501,107,1
501,108,2
501,110,1
501,203,1
501,210,1
501,211,1
501,301,2
501,302,13
501,303,18
501,304,2
501,305,1
501,306,2
501,307,7
501,308,8
501,309,1
501,310,11
501,311,1
501,312,3
501,313,21
501,314,12
501,315,3
501,316,4
501,317,3
501,318,1
501,355,1
501,402,1
501,404,1
501,406,1
501,410,2
501,480,2
501,483,6
501,501,1183
501,502,158
501,503,18
501,595,1
502,101,3
502,103,1
502,104,1
502,105,7
502,106,4
502,107,1
502,108,1
502,201,1
502,209,1
502,301,4
502,302,5
502,303,11
502,304,3
502,305,3
502,306,3
502,307,3
502,309,3
502,310,8
502,311,2
502,312,1
502,313,6
502,314,6
502,315,1
502,316,2
502,317,2
502,318,4
502,356,1
502,401,1
502,402,1
502,404,1
502,405,1
502,412,2
502,483,2
502,501,55
502,502,166
502,503,11
502,595,2
503,108,1
503,306,2
503,313,2
503,314,1
503,315,16
503,402,1
503,405,1
503,483,1
503,502,2
503,503,20
595,301,1
595,305,1
595,307,1
595,315,1
595,501,9
595,502,2
595,595,5
